id,first_name,last_name,email,team,role,manager_id
c24ba3b5-508f-9715-4f3a-f1c1d6ebbcf4,Dunc,Ibeson,dibeson0@un.org,,CEO,
78e4ba66-8f61-435e-961d-2dfe0c9d41ac,Easter,Schiersch,eschiersch1@bbb.org,,COO,c24ba3b5-508f-9715-4f3a-f1c1d6ebbcf4
9cdcb789-6d6e-4f3a-bacb-b6b49eae980,Chrisse,Pittam,cpittam2@amazon.com,,CTO,c24ba3b5-508f-9715-4f3a-f1c1d6ebbcf4
04697167-b004-4260-a78d-e340c1c63f4a,Arlen,Petrosian,apetrosian3@over-blog.com,Dashboard,Director,78e4ba66-8f61-435e-961d-2dfe0c9d41ac
0c261410-d8a1-42ea-9715-7e66994d631c,Carey,Rapsey,crapsey4@wikipedia.org,Dashboard,Lead Software Developer,04697167-b004-4260-a78d-e340c1c63f4a
4fe0c8b4-ec0c-4727-98e1-4e479ff0e4be,Homer,Mackley,hmackley5@scientificamerican.com,Dashboard,Lead Software Developer,04697167-b004-4260-a78d-e340c1c63f4a
e4380a95-c5d6-4e64-bf64-49d86236b3da,Neile,Boram,nboram6@rediff.com,Dashboard,Senior Software Developer,04697167-b004-4260-a78d-e340c1c63f4a
31e362d9-428d-4c03-aad9-3e479f5e469c,Isidro,Cluley,icluley7@hugedomains.com,Dashboard,Senior Software Developer,04697167-b004-4260-a78d-e340c1c63f4a
35cf2f79-aea1-4e9c-a870-b87fff824964,Rafi,Goldney,rgoldney8@nasa.gov,Dashboard,Senior Software Developer,4fe0c8b4-ec0c-4727-98e1-4e479ff0e4be
9a3c8381-bd2f-4c99-ad37-d92f5ab15e38,Nike,Westmarland,nwestmarland9@bloomberg.com,Dashboard,Software Developer,04697167-b004-4260-a78d-e340c1c63f4a
a0bec400-77df-4873-ae57-ef2218ab6fee,Roxanna,McCritchie,rmccritchiea@homestead.com,Dashboard,Software Developer,04697167-b004-4260-a78d-e340c1c63f4a
42002934-25c9-4a29-ac26-ace54fd87843,Myrvyn,Syrad,msyradb@1688.com,Dashboard,Software Developer,4fe0c8b4-ec0c-4727-98e1-4e479ff0e4be
0637b4d1-cae3-4157-9107-f059a7039f0f,Horace,Ockendon,hockendonc@cam.ac.uk,Dashboard,Software Engineer Intern,04697167-b004-4260-a78d-e340c1c63f4a
10db781d-ed2e-481e-9a9d-09084bb478ed,Goldy,Moyes,gmoyesd@statcounter.com,Dashboard,Software Engineer Intern,4fe0c8b4-ec0c-4727-98e1-4e479ff0e4be
e47e0523-7eee-420d-b96a-75b08e52f985,Miran,Izakovitz,mizakovitze@topsy.com,Authoring Tools,Director,78e4ba66-8f61-435e-961d-2dfe0c9d41ac
03c9c3ba-6ced-4956-81f6-62a84c2648ef,Val,Cardnell,vcardnellf@google.com.hk,Authoring Tools,Lead Software Developer,e47e0523-7eee-420d-b96a-75b08e52f985
3839994f-185f-4970-9ce5-dc3b7bd5d343,Cordie,Antonelli,cantonellig@yolasite.com,Authoring Tools,Lead Software Developer,e47e0523-7eee-420d-b96a-75b08e52f985
c24ba3b5-e51e-4de9-97c4-e2218ffec5ac,Andris,Gallehock,agallehockh@zimbio.com,Authoring Tools,Lead Software Developer,e47e0523-7eee-420d-b96a-75b08e52f985
686e68a5-3079-455e-8bf5-dd4760d3e48d,Baudoin,Hampstead,bhampsteadi@washington.edu,Authoring Tools,Senior Software Developer,e47e0523-7eee-420d-b96a-75b08e52f985
7d8d029e-c592-43e8-919f-67ba8731d2c2,Sloan,Lafee,slafeej@foxnews.com,Authoring Tools,Senior Software Developer,c24ba3b5-e51e-4de9-97c4-e2218ffec5ac
d30b10a7-227a-4e36-b88d-a0f0e3215638,Rodolph,Ortega,rortegak@blogger.com,Authoring Tools,Senior Software Developer,3839994f-185f-4970-9ce5-dc3b7bd5d343
73a63216-bbbf-41f2-ab0e-69775ccd374e,Gabbie,Wallworke,gwallworkel@lycos.com,Authoring Tools,Software Developer,e47e0523-7eee-420d-b96a-75b08e52f985
1b48432d-5744-40f8-ab91-91533208f918,Farrand,Fliege,ffliegem@usda.gov,Authoring Tools,Software Developer,c24ba3b5-e51e-4de9-97c4-e2218ffec5ac
00ded1f2-5b45-47e5-8058-3e463e14e439,Carolus,Lownes,clownesn@shinystat.com,Authoring Tools,Software Developer,e47e0523-7eee-420d-b96a-75b08e52f985
db45e59e-820c-477b-a188-940dddcf4edb,Binny,Garnham,bgarnhamo@last.fm,Authoring Tools,Software Developer,3839994f-185f-4970-9ce5-dc3b7bd5d343
9f627db9-eadf-4769-ac13-f1c1d6ebbcf4,Kayley,Hamblin,khamblinp@alexa.com,Authoring Tools,Software Engineer Intern,c24ba3b5-e51e-4de9-97c4-e2218ffec5ac
c9310db9-98a0-494b-bb5e-d3e5dd0111f0,Olag,Younge,oyoungeq@senate.gov,Authoring Tools,Software Engineer Intern,e47e0523-7eee-420d-b96a-75b08e52f985
a9a5dab0-8990-407a-9769-9af89671d362,Kayley,Oganian,koganianr@dailymotion.com,Quality Insurance,Director,78e4ba66-8f61-435e-961d-2dfe0c9d41ac
8e344cb8-6732-47ed-8ae6-61cca4d612aa,Jeni,Heak,jheaks@utexas.edu,Quality Insurance,Lead Software Developer,a9a5dab0-8990-407a-9769-9af89671d362
3bcc72a8-508f-49de-a0c8-b8ef2350f360,Zeb,Sango,zsangot@cdc.gov,Quality Insurance,Lead Software Developer,a9a5dab0-8990-407a-9769-9af89671d362
cb257552-2661-4d4d-aa8e-f2781f03f53b,Dylan,Aberdeen,daberdeenu@xing.com,Quality Insurance,Lead Software Developer,a9a5dab0-8990-407a-9769-9af89671d362
a75ac7c7-0852-44d1-a2d9-de6b899fd6c4,Dimitri,Gregg,dgreggv@wiley.com,Quality Insurance,Senior Software Developer,cb257552-2661-4d4d-aa8e-f2781f03f53b
bbd28c6e-5766-42c9-80ad-055b830773eb,Jany,Andreuzzi,jandreuzziw@yolasite.com,Quality Insurance,Senior Software Developer,a9a5dab0-8990-407a-9769-9af89671d362
4cdbc120-d0f9-4673-a372-35c1e2328cce,Steffie,Ceccoli,sceccolix@trellian.com,Quality Insurance,Senior Software Developer,8e344cb8-6732-47ed-8ae6-61cca4d612aa
0b8d7e48-031a-4530-9eee-34a0e73f8e30,Bridie,Tenwick,btenwicky@themeforest.net,Quality Insurance,Software Developer,cb257552-2661-4d4d-aa8e-f2781f03f53b
277ca0a3-1daf-4f5b-9518-5973c7a22a9c,Law,Legerwood,llegerwoodz@istockphoto.com,Quality Insurance,Software Developer,a9a5dab0-8990-407a-9769-9af89671d362
daaa3e79-cb26-497e-820d-273125c3d09d,Beilul,Westbury,bwestbury10@chronoengine.com,Quality Insurance,Software Developer,a9a5dab0-8990-407a-9769-9af89671d362
eb630839-af08-40a5-bafc-97b183bb97f0,Obie,Polley,opolley11@vimeo.com,Quality Insurance,Software Developer,8e344cb8-6732-47ed-8ae6-61cca4d612aa
263c30b9-0dee-4b96-9079-a8857c8e314c,Murial,Cordero,mcordero12@thetimes.co.uk,Quality Insurance,Software Developer,a9a5dab0-8990-407a-9769-9af89671d362
4b5575d5-b471-4783-bba6-f8bd63611c2c,Meghann,Radborne,mradborne13@bizjournals.com,Quality Insurance,Software Developer,cb257552-2661-4d4d-aa8e-f2781f03f53b
2d52d3d3-b7e2-4c21-9c4f-12b496d463de,Pepillo,Rohmer,prohmer14@google.nl,Quality Insurance,Software Engineer Intern,a9a5dab0-8990-407a-9769-9af89671d362
8378a444-581e-43f5-9357-8a6f0779d48b,Morty,Puttock,mputtock15@shareasale.com,Quality Insurance,Software Engineer Intern,a9a5dab0-8990-407a-9769-9af89671d362
4340755f-c409-4b05-9939-6794173ff1f8,Holly,Lenden,hlenden16@altervista.org,Quality Insurance,Software Engineer Intern,8e344cb8-6732-47ed-8ae6-61cca4d612aa
fd9c654e-a5c7-407f-9f86-291d2394c409,Ange,Sulland,asulland17@mtv.com,Ad Delivery,Director,78e4ba66-8f61-435e-961d-2dfe0c9d41ac
7e82e612-92fd-4178-8bf8-7e88a189681f,Alister,Pittman,apittman18@hexun.com,Ad Delivery,Lead Software Developer,fd9c654e-a5c7-407f-9f86-291d2394c409
7a2dcfa9-e250-449f-a8e4-eaae8fa6cfa6,Shoshana,Bachura,sbachura19@alibaba.com,Ad Delivery,Senior Software Developer,fd9c654e-a5c7-407f-9f86-291d2394c409
4bbc9268-8f46-4227-9930-023bd6496456,Meara,Simonetti,msimonetti1a@nih.gov,Ad Delivery,Senior Software Developer,fd9c654e-a5c7-407f-9f86-291d2394c409
7a041199-fcdd-45c5-bdba-4d9e4211d4ad,Holly,Halleybone,hhalleybone1b@naver.com,Ad Delivery,Software Developer,fd9c654e-a5c7-407f-9f86-291d2394c409
dfdda4e0-5257-4671-80ab-400385a324f2,Laughton,Parncutt,lparncutt1c@engadget.com,Ad Delivery,Software Engineer Intern,7e82e612-92fd-4178-8bf8-7e88a189681f
7b305e77-3e79-44a5-958b-730f68a68a7e,Daisy,Epperson,depperson1d@cbsnews.com,DevOps,Director,78e4ba66-8f61-435e-961d-2dfe0c9d41ac
a0b48f82-2612-47bb-b1df-818c1fd79df0,Cristian,McIlheran,cmcilheran1e@unesco.org,DevOps,Lead DevOps Engineer,7b305e77-3e79-44a5-958b-730f68a68a7e
9df71c45-4be6-41a4-acab-bf1051f6f98c,Alida,Deddum,adeddum1f@last.fm,DevOps,Senior DevOps Engineer,7b305e77-3e79-44a5-958b-730f68a68a7e
cf189149-184f-4c81-89b4-41b4e1481f77,Jeri,O'Ruane,joruane1g@simplemachines.org,DevOps,DevOps Engineer,a0b48f82-2612-47bb-b1df-818c1fd79df0
ae3e9564-4d17-4c9c-94d7-1b4f62736874,Fredric,Trustey,ftrustey1h@guardian.co.uk,DevOps,DevOps Engineer,7b305e77-3e79-44a5-958b-730f68a68a7e
a3a38f28-fca4-4315-98e7-c93fa7425919,Dahlia,Staunton,dstaunton1i@columbia.edu,DevOps,DevOps Engineer Intern,7b305e77-3e79-44a5-958b-730f68a68a7e
a7e101e0-0950-41cc-89ca-5d176d9c7888,Kath,Banker,kbanker1j@about.me,Analytics,Director,78e4ba66-8f61-435e-961d-2dfe0c9d41ac
9205dd58-283b-4506-b52f-0626b480ff6d,Shurwood,Bertolin,sbertolin1k@salon.com,Analytics,Lead Software Developer,a7e101e0-0950-41cc-89ca-5d176d9c7888
e238115b-6f1c-4ad9-b6d5-4cc6138492c6,Hallie,Gockelen,hgockelen1l@ihg.com,Analytics,Senior Software Developer,a7e101e0-0950-41cc-89ca-5d176d9c7888
a8e727d5-965d-4e1d-b2ef-ad84b3174bdb,Papageno,Gillman,pgillman1m@blinklist.com,Analytics,Senior Software Developer,a7e101e0-0950-41cc-89ca-5d176d9c7888
867b5a8d-2c4d-4265-bbfc-2ab771b0e0d1,Isidoro,Galway,igalway1n@vkontakte.ru,Analytics,Senior Software Developer,a7e101e0-0950-41cc-89ca-5d176d9c7888
16705815-0568-460c-955f-dcf760bdb28a,Tessy,Heliot,theliot1o@hc360.com,Analytics,Software Developer,a7e101e0-0950-41cc-89ca-5d176d9c7888
9bbd7a08-6184-43ec-953f-c2228dc0d334,Arley,Westmancoat,awestmancoat1p@fema.gov,Analytics,Software Developer,a7e101e0-0950-41cc-89ca-5d176d9c7888
82baebd6-c0ff-4059-9fa8-9602501a5dfd,Penelope,Dishmon,pdishmon1q@nih.gov,Analytics,Software Developer,9205dd58-283b-4506-b52f-0626b480ff6d
80d5d8a8-46ad-4111-8fb9-6e77d8a56bbd,Margo,Aspling,maspling1r@admin.ch,Analytics,Software Developer,a7e101e0-0950-41cc-89ca-5d176d9c7888
3ab82f68-73e6-4f93-b26c-6e1796369e14,Selig,Collimore,scollimore1s@ycombinator.com,Analytics,Software Engineer Intern,a7e101e0-0950-41cc-89ca-5d176d9c7888
0e68c820-4ed9-4c10-bb50-91c25426e566,Alison,Fretson,afretson1t@ycombinator.com,Analytics,Software Engineer Intern,a7e101e0-0950-41cc-89ca-5d176d9c7888
47961922-06a2-4cb2-93bb-046389e9a8f1,Piper,Jerram,pjerram1u@ucla.edu,Analytics,Software Engineer Intern,9205dd58-283b-4506-b52f-0626b480ff6d
5d97a2db-b613-4055-8d60-d9e51b704d3b,Serene,Duckering,sduckering1v@census.gov,Support,Director,78e4ba66-8f61-435e-961d-2dfe0c9d41ac
ad15a886-f057-43cf-b56f-fd18b1384db6,Bethanne,Gasnoll,bgasnoll1w@pen.io,Support,Lead Technical Support Specialist,5d97a2db-b613-4055-8d60-d9e51b704d3b
262210d5-9a49-4b35-adee-90bd4c06e5e1,Ethe,Stockell,estockell1x@fotki.com,Support,Senior Technical Support Specialist,5d97a2db-b613-4055-8d60-d9e51b704d3b
b73c6e71-de90-4b2e-a96b-fef1501b6685,Ethelda,Stanworth,estanworth1y@addthis.com,Support,Senior Technical Support Specialist,5d97a2db-b613-4055-8d60-d9e51b704d3b
e9047dcc-4d15-40fd-8645-fe0022a4a220,Leif,Beisley,lbeisley1z@rakuten.co.jp,Support,Senior Technical Support Specialist,5d97a2db-b613-4055-8d60-d9e51b704d3b
e695f1c3-5c39-416f-af55-9fdbcf6b2b92,Dale,Freeburn,dfreeburn20@symantec.com,Support,Technical Support Specialist,5d97a2db-b613-4055-8d60-d9e51b704d3b
ee36f3c5-8cdd-4e4f-b01e-e2fb12ceabc3,Heriberto,Melvin,hmelvin21@wisc.edu,Support,Technical Support Specialist,5d97a2db-b613-4055-8d60-d9e51b704d3b
a3d15ecd-cfaa-482f-a11c-500557916adf,Laverna,Simonato,lsimonato22@sourceforge.net,Support,Technical Support Specialist,5d97a2db-b613-4055-8d60-d9e51b704d3b
c30fd569-c1f7-4053-8ab6-6e7f23ccf7de,Alfy,Kilian,akilian23@cam.ac.uk,Video,Director,78e4ba66-8f61-435e-961d-2dfe0c9d41ac
89c96cd1-ce32-49ae-ada4-d2a7775d95e4,Lolita,Gaitone,lgaitone24@multiply.com,Video,Lead Software Developer,c30fd569-c1f7-4053-8ab6-6e7f23ccf7de
1dfcf9c3-b098-4491-9b5b-91e043d31c7b,Duncan,Crozier,dcrozier25@mac.com,Video,Senior Software Developer,c30fd569-c1f7-4053-8ab6-6e7f23ccf7de
4cd61a3a-7b3c-467a-bb4c-065064b13aee,Vidovic,Sheilds,vsheilds26@eventbrite.com,Video,Senior Software Developer,c30fd569-c1f7-4053-8ab6-6e7f23ccf7de
76b5a7e1-142a-4971-b3f8-74d7022141ce,Roxine,Gratten,rgratten27@imgur.com,Video,Software Developer,89c96cd1-ce32-49ae-ada4-d2a7775d95e4
db347daf-963d-4fc5-8d7d-33412e923f17,Hilary,Gircke,hgircke28@census.gov,Video,Software Developer,c30fd569-c1f7-4053-8ab6-6e7f23ccf7de
a6ef64a2-6d02-4bab-a072-a0a025c86293,Denny,Crudginton,dcrudginton29@theglobeandmail.com,Video,Software Developer,c30fd569-c1f7-4053-8ab6-6e7f23ccf7de
24969484-6a77-4566-a233-7f61773a9107,Marjory,Tolman,mtolman2a@exblog.jp,Video,Software Engineer Intern,89c96cd1-ce32-49ae-ada4-d2a7775d95e4
3e3aa907-3a75-4ab7-85a7-53fb6245f711,Jerri,Whatling,jwhatling2b@slideshare.net,Data Insights,Director,78e4ba66-8f61-435e-961d-2dfe0c9d41ac
e87b6855-fa9f-4e82-9129-da453b843bf2,Emlyn,Jurca,ejurca2c@printfriendly.com,Data Insights,Lead Data Scientist,3e3aa907-3a75-4ab7-85a7-53fb6245f711
5c0b707a-59ed-4496-bb53-59aa2dda419f,Bernadette,Sobieski,bsobieski2d@jugem.jp,Data Insights,Senior Data Scientist,3e3aa907-3a75-4ab7-85a7-53fb6245f711
28857a7c-28da-4fef-b74e-c2e17e219907,Megan,Behagg,mbehagg2e@zimbio.com,Data Insights,Senior Data Scientist,3e3aa907-3a75-4ab7-85a7-53fb6245f711
d6ef4984-b4b1-42dd-b6c3-7d214b202562,Herve,Noorwood,hnoorwood2f@gravatar.com,Data Insights,Senior Data Scientist,3e3aa907-3a75-4ab7-85a7-53fb6245f711
a0e70e4f-6abb-4650-8982-f474aa6b69d0,Meryl,Crinkley,mcrinkley2g@fda.gov,Data Insights,Data Scientist,3e3aa907-3a75-4ab7-85a7-53fb6245f711
c69ec24f-8edc-496e-a730-4044455aae7e,Raina,McCue,rmccue2h@xrea.com,Data Insights,Data Scientist,3e3aa907-3a75-4ab7-85a7-53fb6245f711
77c9ec48-ab15-4de6-84a5-b7804d7b225c,Lisa,Bernette,lbernette2i@blogs.com,Data Insights,Data Engineer,3e3aa907-3a75-4ab7-85a7-53fb6245f711
641de194-f070-4747-9cb4-5cf4eb3ba343,Loise,Heinsh,lheinsh2j@dell.com,Data Insights,Data Engineer,3e3aa907-3a75-4ab7-85a7-53fb6245f711
b822d960-8423-4de8-81fd-1bef34971347,Hildegaard,Kellie,hkellie2k@lulu.com,Data Insights,Data Scientist Intern,3e3aa907-3a75-4ab7-85a7-53fb6245f711
2992bc31-01ed-4594-99dc-35a58297874a,Emlyn,Marsden,emarsden2l@plala.or.jp,Data Insights,Data Scientist Intern,3e3aa907-3a75-4ab7-85a7-53fb6245f711
3d75ba58-0f1a-49d2-a484-a0e8f95a3e63,Gran,Salmond,gsalmond2m@barnesandnoble.com,Data Insights,Data Scientist Intern,3e3aa907-3a75-4ab7-85a7-53fb6245f711
bd675b01-9f1e-43a3-83c4-2dc213421e61,Beaufort,Lawry,blawry2n@nature.com,Project Management,Director,78e4ba66-8f61-435e-961d-2dfe0c9d41ac
9fae9051-67f4-4be7-836b-a1bbef1fb505,Shirlene,D'Avaux,sdavaux2o@pbs.org,Project Management,Project Lead,bd675b01-9f1e-43a3-83c4-2dc213421e61
447e3706-8dcd-4b5d-b620-c99bbc91419b,Miller,Beldum,mbeldum2p@fda.gov,Project Management,Project Lead,bd675b01-9f1e-43a3-83c4-2dc213421e61
d0a67ada-4613-4a52-bcb3-12f6bbfb9a61,Janene,Tedman,jtedman2q@skype.com,Ad Serving,Director,78e4ba66-8f61-435e-961d-2dfe0c9d41ac
8ec1b5e8-875e-4a9c-87db-5082b16ca67d,Thorny,Readings,treadings2r@wordpress.com,Ad Serving,Lead Software Developer,d0a67ada-4613-4a52-bcb3-12f6bbfb9a61
d913982a-7854-4de0-ac48-d16eb65abb5f,Northrop,Matley,nmatley2s@uiuc.edu,Ad Serving,Lead Software Developer,d0a67ada-4613-4a52-bcb3-12f6bbfb9a61
e8a6701c-77a0-435a-a8e4-958311ec8666,Ludwig,Mangenot,lmangenot2t@marriott.com,Ad Serving,Senior Software Developer,d0a67ada-4613-4a52-bcb3-12f6bbfb9a61
370623c6-8332-423e-b0ce-d4066a434e3f,Mabelle,Keetch,mkeetch2u@artisteer.com,Ad Serving,Senior Software Developer,d0a67ada-4613-4a52-bcb3-12f6bbfb9a61
a650f853-06a8-47d1-8f68-deb222a012eb,Ethe,McGarrell,emcgarrell2v@newsvine.com,Ad Serving,Senior Software Developer,d0a67ada-4613-4a52-bcb3-12f6bbfb9a61
f68f607d-b527-4973-87c0-5024d881be8a,Jervis,Cleaton,jcleaton2w@indiegogo.com,Ad Serving,Software Developer,d0a67ada-4613-4a52-bcb3-12f6bbfb9a61
76e88a2d-48d7-412a-b8d3-3f8ab59371e2,Wallie,Bysshe,wbysshe2x@mlb.com,Ad Serving,Software Developer,d0a67ada-4613-4a52-bcb3-12f6bbfb9a61
0bf13136-4134-4357-bc96-1ad43f937318,Hillard,Mattiussi,hmattiussi2y@bizjournals.com,Ad Serving,Software Engineer Intern,d0a67ada-4613-4a52-bcb3-12f6bbfb9a61
426499ec-84f0-4fc9-b867-2aa92b477445,Nydia,Mollett,nmollett2z@fc2.com,Customer Success,Account Director,78e4ba66-8f61-435e-961d-2dfe0c9d41ac
c70da513-7647-456e-a577-a1c5f30c486b,Myrna,Debold,mdebold30@youku.com,Customer Success,Senior Account Manager,426499ec-84f0-4fc9-b867-2aa92b477445
53a97174-200d-44c0-8d69-f8b331f0882d,Tobin,Jeacocke,tjeacocke31@unicef.org,Customer Success,Senior Account Manager,426499ec-84f0-4fc9-b867-2aa92b477445
a79d7e14-dcde-4ba7-8605-0d7dfa4def03,Tito,Braunfeld,tbraunfeld32@cmu.edu,Customer Success,Senior Account Manager,426499ec-84f0-4fc9-b867-2aa92b477445
5d2b2c92-a0c3-4fd3-b49f-8a90745f1a27,Zeb,Alejandro,zalejandro33@typepad.com,Customer Success,Account Manager,426499ec-84f0-4fc9-b867-2aa92b477445
e1c724f2-2456-4b24-b21f-9a36e7e423c6,Leonore,Scothorne,lscothorne34@sciencedaily.com,Customer Success,Account Manager,426499ec-84f0-4fc9-b867-2aa92b477445
8a322c87-3278-4483-823d-685d3cfb8587,Frasco,Oke,foke35@squarespace.com,Customer Success,Account Manager,426499ec-84f0-4fc9-b867-2aa92b477445
499ecac4-1ed2-4121-a5fe-bb4e8707232e,Zelma,Shovlar,zshovlar36@ucsd.edu,Customer Success,Account Manager,426499ec-84f0-4fc9-b867-2aa92b477445
27a98041-6640-445b-a261-0bd9b543b495,Emmott,Aherne,eaherne37@fastcompany.com,Customer Success,Account Manager,426499ec-84f0-4fc9-b867-2aa92b477445
4e001d0e-a76d-4ba0-8779-614d0e947dca,Chev,Geraldo,cgeraldo38@noaa.gov,Customer Success,Account Manager,426499ec-84f0-4fc9-b867-2aa92b477445
